leaf,label
RW.TTTATGCAGAGTGACC-1,RW
RW.TTGCGTCGTGAACCTT-1,RW
RW.TGGGAAGGTGCAACTT-1,RW
RW.TGCCCTACAGTGAGTG-1,RW
RW.TGACTAGTCGAACGGA-1,RW
RW.TGACGGCGTCTCAACA-1,RW
RW.TCTGGAAAGTGTTGAA-1,RW
RW.TCGGTAATCGGACAAG-1,RW
RW.TCAATCTTCTTTCCTC-1,RW
RW.TATCTCACACTCTGTC-1,RW
RW.TAGCCGGCATCCTTGC-1,RW
RW.TAAGTGCTCAACACAC-1,RW
RW.TAAGTGCAGTGATCGG-1,RW
RW.GTGTTAGTCCTCAATT-1,RW
RW.GTGAAGGCATTAGCCA-1,RW
RW.GTAGGCCAGAGCTTCT-1,RW
RW.GGATGTTCAGCCAATT-1,RW
RW.GGAGCAACATAGACTC-1,RW
RW.GCTCCTATCCCTTGTG-1,RW
RW.GATCTAGGTCTGGAGA-1,RW
RW.GACGTGCTCGAACGGA-1,RW
RW.GACGTGCTCACTCCTG-1,RW
RW.GACCAATTCCTCCTAG-1,RW
RW.GAAACTCCACAGAGGT-1,RW
RW.CTGTTTACACCCTATC-1,RW
RW.CTGCGGACACAACGTT-1,RW
RW.CTGATAGGTTATTCTC-1,RW
RW.CTGAAGTAGGACATTA-1,RW
RW.CTCGAGGTCAGGTAAA-1,RW
RW.CGATCGGTCATGCAAC-1,RW
RW.CCTCAGTTCACGACTA-1,RW
RW.CCTATTAGTGTGGCTC-1,RW
RW.CCTACACAGCGGATCA-1,RW
RW.CCGTACTCATGTAAGA-1,RW
RW.CATGACAAGGCTACGA-1,RW
RW.CATCAGAGTTCCCGAG-1,RW
RW.CACCTTGTCTTGTTTG-1,RW
RW.CACCAGGGTGTTAAGA-1,RW
RW.CACATAGCAGCTGCTG-1,RW
RW.CACAGTAGTACGCTGC-1,RW
RW.CACACAATCTGTCCGT-1,RW
RW.ATTCTACGTGTCTGAT-1,RW
RW.ATAACGCCAGGGAGAG-1,RW
RW.AGTGAGGCACCAGGTC-1,RW
RW.AGGGAGTCAGATGGCA-1,RW
RW.ACATGGTCACGCATCG-1,RW
RW.ACATCAGTCGAATGGG-1,RW
RW.ACACCGGCATGTAAGA-1,RW
RW.ACACCCTAGAGTTGGC-1,RW
RW.AAGTCTGAGATCCCAT-1,RW
RW.AAGGTTCCACAGCCCA-1,RW
RW.AACCATGGTTCGCGAC-1,RW
RE.TTCTACAAGGATGTAT-1,RE
RE.TTAGGCACACCGGAAA-1,RE
RE.TGGGCGTTCCAAATGC-1,RE
RE.TCGAGGCAGAGTACCG-1,RE
RE.TCACGAATCTAACGGT-1,RE
RE.TACCTATGTAGTGAAT-1,RE
RE.TAAGAGATCACCGTAA-1,RE
RE.TAAACCGCAAACAACA-1,RE
RE.GTGCTTCGTCGCTTTC-1,RE
RE.GTACGTAGTGTGCCTG-1,RE
RE.GGCAATTTCTAACTCT-1,RE
RE.GGAACTTCAATGGATA-1,RE
RE.GCATGTACAGTCAGCC-1,RE
RE.CTTACCGTCAACGCTA-1,RE
RE.CTCGGGATCGCGATCG-1,RE
RE.CGTGTCTTCTACCAGA-1,RE
RE.CGGTTAACAAGCCGCT-1,RE
RE.CGGAGTCCAAAGTGCG-1,RE
RE.CCTTTCTGTTCCACAA-1,RE
RE.CCTACACAGTGAACGC-1,RE
RE.CATTCGCAGTTGAGTA-1,RE
RE.CATGGCGTCAGATAAG-1,RE
RE.CAGTCCTGTAGTGAAT-1,RE
RE.CAGGTGCAGTCCTCCT-1,RE
RE.CAACTAGAGCTGCAAG-1,RE
RE.ACTTTCACAGCGAACA-1,RE
RE.ACTATCTAGAGACTTA-1,RE
RE.ACCGTAATCTTATCTG-1,RE
RE.ACCCACTAGAGACTTA-1,RE
RE.AAGGCAGAGAAGGACA-1,RE
RE.AAGACCTTCGGAGGTA-1,RE
RE.AACTTTCGTTGGTAAA-1,RE
M2.TTGACTTCATGAGCGA-1,M2
M2.TCCCGATTCACTTACT-1,M2
M2.GTTCTCGGTCAACATC-1,M2
M2.GTCATTTAGGTGCTAG-1,M2
M2.GATCGTATCAGCACAT-1,M2
M2.CGTCAGGCAAAGCAAT-1,M2
M2.CAGTCCTGTCATCCCT-1,M2
M2.CACAGTATCCCACTTG-1,M2
M2.ACGGGTCGTGAGGGAG-1,M2
M2.AACTGGTCATGGTAGG-1,M2
M1.TTTCCTCCAGCCTGTG-1,M1
M1.TGCACCTCATCGGGTC-1,M1
M1.TGACTTTCAAGTAGTA-1,M1
M1.TCAGGATCAAAGGCGT-1,M1
M1.TACTCGCTCTGTCCGT-1,M1
M1.TACCTTAAGGGAGTAA-1,M1
M1.TAAGAGAGTCTTCAAG-1,M1
M1.GTTAAGCCATTGAGCT-1,M1
M1.GTGGGTCGTCTCCATC-1,M1
M1.GTGCGGTCATATGAGA-1,M1
M1.GTATCTTTCCGGGTGT-1,M1
M1.GTAGGCCCATGGTCTA-1,M1
M1.GTAACTGCAGACAAGC-1,M1
M1.GGGTTGCCACTAAGTC-1,M1
M1.GGCTGGTAGGTGATTA-1,M1
M1.GCGCAGTGTGATGTGG-1,M1
M1.GCGAGAACATGCCACG-1,M1
M1.GCAGCCATCTGGTTCC-1,M1
M1.GATCGTAGTGTGACCC-1,M1
M1.GATCGCGCATACGCTA-1,M1
M1.CTTCTCTTCGATGAGG-1,M1
M1.CTGATAGCACCGGAAA-1,M1
M1.CTCTAATGTCTGATTG-1,M1
M1.CTCATTAAGGTGCTAG-1,M1
M1.CGTTAGATCCGCGTTT-1,M1
M1.CGTTAGACACGACTCG-1,M1
M1.CGGAGTCAGTAGTGCG-1,M1
M1.CGCTGGAGTCAAGCGA-1,M1
M1.CGCCAAGTCCGTCATC-1,M1
M1.CGATCGGCATAAGACA-1,M1
M1.CGACTTCAGCCACGCT-1,M1
M1.CCTCTGACACGAAGCA-1,M1
M1.CCTATTATCTCTAGGA-1,M1
M1.CCTACCATCCGCAGTG-1,M1
M1.CATATTCGTTTGCATG-1,M1
M1.CACTCCAAGGCCCGTT-1,M1
M1.CACAGGCGTCGCGAAA-1,M1
M1.CACACCTAGTACACCT-1,M1
M1.CAACCAATCATGTCTT-1,M1
M1.ATTCTACGTAGCGATG-1,M1
M1.AGCGTCGCAAACTGCT-1,M1
M1.AGAGCTTTCCTGCAGG-1,M1
M1.ACTGCTCAGTGTACTC-1,M1
M1.AAAGCAAGTACATGTC-1,M1
M1.AAAGATGCAGTAAGAT-1,M1
Liv.TGGTTCCGTACGAAAT-1,Liv
Liv.TGACTAGGTAGCCTAT-1,Liv
Liv.TACTCGCAGCTGATAA-1,Liv
Liv.GTAGTCAGTCGAGATG-1,Liv
Liv.GCGACCATCTGCAGTA-1,Liv
Liv.GACCTGGCATGAGCGA-1,Liv
Liv.GACACGCAGTTCGCGC-1,Liv
Liv.CTACACCGTTTGTGTG-1,Liv
Liv.CTAACTTCAAACCTAC-1,Liv
Liv.CGTGTAAGTCATGCAT-1,Liv
Liv.CCCATACTCATCTGCC-1,Liv
Liv.ACATGGTAGAATTCCC-1,Liv
LL.TTCGAAGTCAGCTCTC-1,LL
LL.TGGTTCCAGAAGGGTA-1,LL
LL.GTGCTTCAGTCATCCA-1,LL
LL.GCGCAACTCCTTAATC-1,LL
LL.CTTACCGCACGAAACG-1,LL
LL.CGTAGGCAGGGTGTGT-1,LL
LL.CGCTATCTCAGGCGAA-1,LL
LL.CAACCTCAGATGTGGC-1,LL
LL.AAGACCTTCGTGACAT-1,LL
